{"cameraMode":{"drawMode":0,"name":"Shaded","section":"Shading Mode"},"sceneLighting":false,"audioPlay":false,"sceneViewState":{"m_AlwaysRefresh":false,"showFog":true,"showSkybox":false,"showFlares":true,"showImageEffects":true,"showParticleSystems":true,"showVisualEffectGraphs":true,"m_FxEnabled":true},"in2DMode":false,"pivot":{"x":-0.26287803053855898,"y":-0.2813704013824463,"z":0.3869554400444031},"rotation":{"x":0.2714947760105133,"y":-0.379883348941803,"z":0.11767752468585968,"w":0.8764322400093079},"size":0.9049506187438965,"orthographic":false}