{"cameraMode":{"drawMode":0,"name":"Shaded","section":"Shading Mode"},"sceneLighting":true,"audioPlay":false,"sceneViewState":{"m_AlwaysRefresh":false,"showFog":true,"showSkybox":false,"showFlares":true,"showImageEffects":true,"showParticleSystems":true,"showVisualEffectGraphs":true,"m_FxEnabled":true},"in2DMode":false,"pivot":{"x":2.5384457111358644,"y":3.851245641708374,"z":1.9040969610214234},"rotation":{"x":0.3546309769153595,"y":-0.06351026147603989,"z":0.02415214478969574,"w":0.9325343370437622},"size":5.278432369232178,"orthographic":false}