{"cameraMode":{"drawMode":0,"name":"Shaded","section":"Shading Mode"},"sceneLighting":true,"audioPlay":false,"sceneViewState":{"m_AlwaysRefresh":false,"showFog":true,"showSkybox":false,"showFlares":true,"showImageEffects":true,"showParticleSystems":true,"showVisualEffectGraphs":true,"m_FxEnabled":true},"in2DMode":false,"pivot":{"x":3.6097047328948976,"y":1.996826171875,"z":0.6509498357772827},"rotation":{"x":0.20445017516613007,"y":0.03015024960041046,"z":0.0063036768697202209,"w":-0.9783990979194641},"size":1.2682644128799439,"orthographic":false}