{"cameraMode":{"drawMode":0,"name":"Shaded","section":"Shading Mode"},"sceneLighting":true,"audioPlay":false,"sceneViewState":{"m_AlwaysRefresh":false,"showFog":true,"showSkybox":true,"showFlares":true,"showImageEffects":true,"showParticleSystems":true,"showVisualEffectGraphs":true,"m_FxEnabled":true},"in2DMode":false,"pivot":{"x":-4.474367141723633,"y":-4.852447032928467,"z":18.682537078857423},"rotation":{"x":0.27147364616394045,"y":-0.11610526591539383,"z":0.03300779312849045,"w":0.9548523426055908},"size":11.179463386535645,"orthographic":false}