{"cameraMode":{"drawMode":0,"name":"Shaded","section":"Shading Mode"},"sceneLighting":true,"audioPlay":false,"sceneViewState":{"m_AlwaysRefresh":false,"showFog":true,"showSkybox":true,"showFlares":true,"showImageEffects":true,"showParticleSystems":true,"showVisualEffectGraphs":true,"m_FxEnabled":true},"in2DMode":false,"pivot":{"x":0.19725723564624787,"y":0.4628174602985382,"z":-0.2801690697669983},"rotation":{"x":-0.09306380897760391,"y":0.19270412623882295,"z":-0.01836162433028221,"w":-0.9766643643379211},"size":1.231697916984558,"orthographic":false}