{"cameraMode":{"drawMode":0,"name":"Shaded","section":"Shading Mode"},"sceneLighting":true,"audioPlay":false,"sceneViewState":{"m_AlwaysRefresh":false,"showFog":true,"showSkybox":false,"showFlares":true,"showImageEffects":true,"showParticleSystems":true,"showVisualEffectGraphs":true,"m_FxEnabled":true},"in2DMode":false,"pivot":{"x":-0.03472558781504631,"y":0.9515905380249023,"z":-0.54042649269104},"rotation":{"x":0.4314051866531372,"y":0.06755482405424118,"z":-0.03241619095206261,"w":0.8990415334701538},"size":1.0436564683914185,"orthographic":false}