{"cameraMode":{"drawMode":0,"name":"Shaded","section":"Shading Mode"},"sceneLighting":true,"audioPlay":false,"sceneViewState":{"m_AlwaysRefresh":false,"showFog":true,"showSkybox":false,"showFlares":true,"showImageEffects":true,"showParticleSystems":true,"showVisualEffectGraphs":true,"m_FxEnabled":true},"in2DMode":false,"pivot":{"x":-0.3117407560348511,"y":2.444230318069458,"z":7.317787170410156},"rotation":{"x":0.01499033160507679,"y":0.03479531407356262,"z":0.0005221892497502267,"w":-0.9992879033088684},"size":2.508437156677246,"orthographic":false}