{"cameraMode":{"drawMode":0,"name":"Shaded","section":"Shading Mode"},"sceneLighting":false,"audioPlay":false,"sceneViewState":{"m_AlwaysRefresh":false,"showFog":true,"showSkybox":false,"showFlares":true,"showImageEffects":true,"showParticleSystems":true,"showVisualEffectGraphs":true,"m_FxEnabled":true},"in2DMode":false,"pivot":{"x":-13.238882064819336,"y":-6.158843040466309,"z":39.051780700683597},"rotation":{"x":-0.08788042515516281,"y":-0.11727114021778107,"z":-0.010375630110502243,"w":0.9891802668571472},"size":36.507423400878909,"orthographic":false}