{"cameraMode":{"drawMode":0,"name":"Shaded","section":"Shading Mode"},"sceneLighting":false,"audioPlay":false,"sceneViewState":{"m_AlwaysRefresh":false,"showFog":true,"showSkybox":false,"showFlares":true,"showImageEffects":true,"showParticleSystems":true,"showVisualEffectGraphs":true,"m_FxEnabled":true},"in2DMode":false,"pivot":{"x":2.3682847023010256,"y":3.7908935546875,"z":2.4984209537506105},"rotation":{"x":0.08518365770578385,"y":-0.05079219117760658,"z":0.004348152782768011,"w":0.9950612783432007},"size":6.971370220184326,"orthographic":true}