{"cameraMode":{"drawMode":0,"name":"Shaded","section":"Shading Mode"},"sceneLighting":false,"audioPlay":false,"sceneViewState":{"m_AlwaysRefresh":false,"showFog":true,"showSkybox":false,"showFlares":true,"showImageEffects":true,"showParticleSystems":true,"showVisualEffectGraphs":true,"m_FxEnabled":true},"in2DMode":false,"pivot":{"x":-8.940696716308594e-8,"y":0.019999969750642778,"z":0.04999999701976776},"rotation":{"x":-0.17536459863185883,"y":0.17017056047916413,"z":-0.030787557363510133,"w":-0.9692001342773438},"size":0.4616546928882599,"orthographic":false}